,bill_length_mm,bill_depth_mm,flipper_length_mm,body_mass_g
bill_length_mm,1.0,-0.23505287035553338,0.6561813407464291,0.5951098244376295
bill_depth_mm,-0.23505287035553338,1.0,-0.5838512164654133,-0.47191562118606556
flipper_length_mm,0.6561813407464291,-0.5838512164654133,1.0,0.871201767306011
body_mass_g,0.5951098244376295,-0.47191562118606556,0.871201767306011,1.0
